{"train/loss_clip":0.9834717512130737,"val/loss_clip":0.6110375821590424,"train/loss_mrl":1.0001225471496582,"_step":6,"val/loss":0.7646021544933319,"train/step":1300,"val/loss_mrl":0.6118427539865176,"_timestamp":1.7648725248906705e+09,"val/i2t_r10":0.8917560577392578,"_runtime":0,"train/loss":1.245990514755249,"_wandb":{"runtime":0},"train/lr":5.1854319749233935e-06,"train/epoch":9,"val/i2t_r5":0.8190348744392395,"epoch":9,"val/i2t_r1":0.5686997175216675}