{"val/i2t_r1":0.5686997175216675,"train/loss_clip":0.8724790215492249,"_wandb":{"runtime":0},"train/loss_mrl":0.8455293774604797,"val/i2t_r5":0.8233914375305176,"_timestamp":1.7648171856726289e+09,"train/lr":1.850567551625604e-07,"train/epoch":9,"epoch":9,"train/step":1180,"val/loss_clip":0.6136460403601328,"_runtime":0,"train/loss":1.0636491775512695,"val/loss":0,"val/loss_mrl":0.5963302850723267,"_step":63,"val/i2t_r10":0.8904155492782593}