{"vision/eval/recall_at_1":0.0625,"_timestamp":1.7640328447149053e+09,"audio/eval/accuracy":0.03125,"_wandb":{"runtime":83},"_step":0,"audio/train/epoch_loss":0,"audio/eval/loss":3.597644567489624,"_runtime":83.79868676,"audio/eval/recall_at_1":0.03125,"vision/eval/loss":3.4980599880218506,"vision/eval/accuracy":0.0625,"vision/train/epoch_loss":0}