{"_step":0,"_wandb":{"runtime":7},"_runtime":7.415837206,"vision/train/epoch_loss":0,"_timestamp":1.7640334708512366e+09}