{"val/loss_mrl":4.803565621376038,"val/i2t_r1":0.0003351206541992724,"val/loss_clip":4.803565601507823,"val/i2t_r5":0.001675603212788701,"train/loss":6.064453125,"_timestamp":1.7648722083323383e+09,"_runtime":191,"train/loss_mrl":4.8515625,"epoch":9,"val/loss":6.00445693731308,"_step":2,"val/i2t_r10":0.003351206425577402,"_wandb":{"runtime":191},"train/loss_clip":4.8515625,"train/epoch":9,"train/lr":4.5361638184037715e-05,"train/step":1400}