{"_step":1,"val/em_final":0.1111111111111111,"val/f1_final":0.1111111111111111,"_timestamp":1.7649224963357701e+09,"_wandb":{"runtime":1965},"_runtime":1965}