{"epoch":9,"_runtime":1779,"train/epoch":9,"train/loss_clip":4.8515625,"train/step":1150,"val/loss_mrl":4.803565641244252,"val/i2t_r10":0.003351206425577402,"val/i2t_r5":0.001675603212788701,"val/loss":6.0044569571812945,"val/i2t_r1":0.0003351206541992724,"_step":30,"val/loss_clip":4.8035655816396075,"_timestamp":1.7648384581758356e+09,"train/loss_mrl":4.8515625,"_wandb":{"runtime":1779},"train/lr":1.8403381844558697e-06,"train/loss":6.064453125}