{
  "vision_norms": {
    "mean": 1.0,
    "std": 1.814684225109886e-08,
    "min": 0.9999998807907104,
    "max": 1.0000001192092896
  },
  "text_norms": {
    "mean": 1.0,
    "std": 1.8097551901519182e-08,
    "min": 0.9999998807907104,
    "max": 1.0000001192092896
  },
  "separation": {
    "within_vision": 0.047757674008607864,
    "within_text": 0.03208829089999199,
    "cross_modal": 0.3113107979297638,
    "vision_text_gap": 0.26355312392115593
  }
}