{"train/epoch":9,"_timestamp":1.7648335689521544e+09,"_runtime":0,"_step":63,"val/i2t_r10":0.8914209008216858,"val/loss_mrl":0.6087399075428644,"train/loss_mrl":0.8710885047912598,"_wandb":{"runtime":0},"train/loss_clip":0.8710885047912598,"train/step":1180,"epoch":9,"train/lr":1.850567551625604e-07,"val/i2t_r1":0.5690348744392395,"val/loss":0,"val/i2t_r5":0.8213806748390198,"val/loss_clip":0.6109206030766169,"train/loss":1.0888606309890747}