{
  "train_loss": [
    6.060152666284404
  ],
  "train_loss_clip": [
    4.848122133027523
  ],
  "train_loss_mrl": [
    4.848122133027523
  ],
  "val_loss": [
    6.00445693731308
  ],
  "val_loss_clip": [
    4.803565601507823
  ],
  "val_loss_mrl": [
    4.803565621376038
  ],
  "val_i2t_r1": [
    0.0003351206541992724
  ],
  "val_i2t_r5": [
    0.001675603212788701
  ],
  "val_i2t_r10": [
    0.003351206425577402
  ],
  "lr": [
    2.360179695942254e-05,
    2.3808821740669596e-05,
    2.401662790867859e-05,
    2.422521333227119e-05,
    2.443457587227731e-05,
    2.4644713381557016e-05,
    2.4855623705022767e-05,
    2.5067304679661176e-05,
    2.527975413455542e-05,
    2.5492969890907394e-05,
    2.5706949762060117e-05,
    2.5921691553520288e-05,
    2.6137193062980493e-05,
    2.635345208034199e-05,
    2.6570466387737337e-05,
    2.6788233759553115e-05,
    2.7006751962452858e-05,
    2.7226018755399784e-05,
    2.744603188967988e-05,
    2.766678910892496e-05,
    2.7888288149135745e-05,
    2.81105267387053e-05,
    2.8333502598441985e-05,
    2.855721344159308e-05,
    2.878165697386813e-05,
    2.9006830893462523e-05,
    2.9232732891081127e-05,
    2.9459360649961887e-05,
    2.9686711845899605e-05,
    2.9914784147269837e-05,
    3.0143575215052743e-05,
    3.0373082702857046e-05,
    3.0603304256944324e-05,
    3.0834237516252797e-05,
    3.106588011242177e-05,
    3.129822966981587e-05,
    3.153128380554938e-05,
    3.176504012951079e-05,
    3.199949624438715e-05,
    3.223464974568871e-05,
    3.2470498221773685e-05,
    3.270703925387275e-05,
    3.294427041611424e-05,
    3.318218927554858e-05,
    3.342079339217352e-05,
    3.366008031895905e-05,
    3.390004760187254e-05,
    3.414069277990396e-05,
    3.438201338509096e-05,
    3.462400694254433e-05,
    3.486667097047328e-05,
    3.511000298021092e-05,
    3.535400047623999e-05,
    3.5598660956218034e-05,
    3.58439819110034e-05,
    3.608996082468084e-05,
    3.633659517458729e-05,
    3.658388243133796e-05,
    3.683182005885194e-05,
    3.708040551437842e-05,
    3.7329636248522734e-05,
    3.757950970527246e-05,
    3.7830023322023724e-05,
    3.8081174529607356e-05,
    3.833296075231535e-05,
    3.858537940792721e-05,
    3.883842790773648e-05,
    3.9092103656577196e-05,
    3.934640405285076e-05,
    3.960132648855224e-05,
    3.9856868349297394e-05,
    4.011302701434938e-05,
    4.0369799856645604e-05,
    4.062718424282491e-05,
    4.088517753325418e-05,
    4.114377708205569e-05,
    4.1402980237134146e-05,
    4.166278434020385e-05,
    4.192318672681625e-05,
    4.218418472638679e-05,
    4.2445775662222634e-05,
    4.270795685155007e-05,
    4.2970725605541706e-05,
    4.3234079229344785e-05,
    4.3498015022107984e-05,
    4.376253027700965e-05,
    4.402762228128532e-05,
    4.4293288316255586e-05,
    4.455952565735422e-05,
    4.4826331574155665e-05,
    4.509370333040336e-05,
    4.5361638184037715e-05,
    4.5630133387224174e-05,
    4.589918618638166e-05,
    4.61687938222104e-05,
    4.6438953529720506e-05,
    4.6709662538260246e-05,
    4.69809180715445e-05,
    4.7252717347683175e-05,
    4.7525057579209795e-05,
    4.779793597311004e-05,
    4.8071349730850414e-05,
    4.834529604840692e-05,
    4.8619772116293804e-05,
    4.8894775119592585e-05,
    4.9170302237980545e-05,
    4.94463506457599e-05,
    4.9722917511886734e-05,
    4.9999999999999955e-05
  ]
}