{
  "train_loss": [
    1.11396173216881
  ],
  "train_loss_clip": [
    0.8982968374129829
  ],
  "train_loss_mrl": [
    0.8893875222687327
  ],
  "val_loss": [
    0.7646021544933319
  ],
  "val_loss_clip": [
    0.6110375821590424
  ],
  "val_loss_mrl": [
    0.6118427539865176
  ],
  "val_i2t_r1": [
    0.5686997175216675
  ],
  "val_i2t_r5": [
    0.8190348744392395
  ],
  "val_i2t_r10": [
    0.8917560577392578
  ],
  "lr": [
    5.127803374249673e-10,
    2.0511160908509575e-09,
    4.614991483675724e-09,
    8.204380221843443e-09,
    1.2819245493955744e-08,
    1.8459539971804606e-08,
    2.5125205810716533e-08,
    3.28161746502631e-08,
    4.153236761488266e-08,
    5.127369531473525e-08,
    6.204005784659073e-08,
    7.383134479487242e-08,
    8.66474352327784e-08,
    1.0048819772351392e-07,
    1.1535349032167908e-07,
    1.3124316057466779e-07,
    1.4815704552427755e-07,
    1.6609497170834155e-07,
    1.8505675516254927e-07,
    2.05042201422323e-07,
    2.260511055247605e-07,
    2.480832520108223e-07,
    2.711384149274743e-07,
    2.952163578300193e-07,
    3.203168337845508e-07,
    3.464395853704616e-07,
    3.7358434468308667e-07,
    4.0175083333644505e-07,
    4.309387624660932e-07,
    4.6114783273213393e-07,
    4.923777343222025e-07,
    5.246281469547198e-07,
    5.578987398821345e-07,
    5.921891718943195e-07,
    6.274990913221035e-07,
    6.638281360408339e-07,
    7.011759334741075e-07,
    7.395421005976011e-07,
    7.789262439429901e-07,
    8.193279596020121e-07,
    8.607468332305302e-07,
    9.031824400528855e-07,
    9.466343448661707e-07,
    9.911021020447275e-07,
    1.036585255544753e-06,
    1.0830833389088968e-06,
    1.13059587527109e-06,
    1.1791223773614635e-06,
    1.2286623475112668e-06,
    1.2792152776580857e-06,
    1.3307806493509266e-06,
    1.3833579337556247e-06,
    1.4369465916602155e-06,
    1.4915460734804987e-06,
    1.5471558192656665e-06,
    1.6037752587040432e-06,
    1.6614038111289032e-06,
    1.7200408855244877e-06,
    1.7796858805320228e-06,
    1.8403381844558697e-06,
    1.9019971752698873e-06,
    1.964662220623703e-06,
    2.028332677849254e-06,
    2.093007893967358e-06,
    2.1586872056944317e-06,
    2.2253699394492953e-06,
    2.2930554113600566e-06,
    2.3617429272711265e-06,
    2.4314317827503484e-06,
    2.502121263096202e-06,
    2.5738106433452426e-06,
    2.6464991882793278e-06,
    2.720186152433335e-06,
    2.794870780102754e-06,
    2.8705523053513706e-06,
    2.94722995201927e-06,
    3.0249029337306447e-06,
    3.103570453901938e-06,
    3.1832317057499892e-06,
    3.263885872300343e-06,
    3.3455321263955786e-06,
    3.4281696307038257e-06,
    3.5117975377273237e-06,
    3.5964149898111586e-06,
    3.6820211191519904e-06,
    3.768615047807067e-06,
    3.856195887703084e-06,
    3.9447627406454025e-06,
    4.034314698327179e-06,
    4.124850842338768e-06,
    4.216370244177093e-06,
    4.308871965255146e-06,
    4.402355056911645e-06,
    4.496818560420779e-06,
    4.592261507001993e-06,
    4.688682917829945e-06,
    4.786081804044607e-06,
    4.8844571667612804e-06,
    4.983807997080925e-06,
    5.084133276100511e-06,
    5.1854319749233935e-06,
    5.287703054670001e-06,
    5.39094546648834e-06,
    5.495158151564817e-06,
    5.6003400411351435e-06,
    5.706490056495173e-06,
    5.813607109012165e-06,
    5.921690100135713e-06,
    6.030737921409157e-06
  ]
}