{"epoch":9,"_timestamp":1.7648355864649217e+09,"val/i2t_r5":0.001675603212788701,"val/loss":6.004456917444865,"_runtime":723,"train/step":1300,"train/lr":5.1854319749233935e-06,"train/loss_clip":4.8515625,"train/loss":6.064453125,"_wandb":{"runtime":723},"val/loss_clip":4.803565661112468,"train/epoch":9,"val/loss_mrl":4.8035655816396075,"val/i2t_r1":0.0003351206541992724,"_step":12,"train/loss_mrl":4.8515625,"val/i2t_r10":0.003351206425577402}