{"train/step":1080,"val/i2t_r5":0.8160187602043152,"val/loss_clip":0.6322799324989319,"train/loss_clip":0.9170292615890503,"train/epoch":9,"train/loss_mrl":0.948413074016571,"train/loss":1.1776703596115112,"_timestamp":1.7648086383348536e+09,"_step":63,"val/i2t_r1":0.5606568455696106,"train/lr":5.127369531473525e-08,"_wandb":{"runtime":0},"val/i2t_r10":0.8850536346435547,"epoch":9,"val/loss_mrl":0.625847635169824,"val/loss":0,"_runtime":0}