{"train/loss":6.064453125,"train/loss_clip":4.8515625,"_runtime":187,"val/loss":6.004456996917725,"epoch":9,"train/epoch":9,"_step":3,"_wandb":{"runtime":187},"_timestamp":1.7648691454621031e+09,"val/loss_clip":4.803565621376038,"train/lr":2.1774083993013694e-05,"train/loss_mrl":4.8515625,"val/loss_mrl":4.803565680980682,"val/i2t_r1":0.0003351206541992724,"val/i2t_r5":0.001675603212788701,"val/i2t_r10":0.003351206425577402,"train/step":1300}